label,group,seed,wandb_id,num_envs,num_steps,batch_size,num_iterations,duration_s,config,eval_mean,eval_std,final_episodic_return_mean_last100,final_policy_loss,final_value_loss,final_explained_variance,final_entropy,final_grad_norm,final_advantage_mean,final_advantage_std,final_SPS,final_episodic_length_mean_last100,max_return_last100,steps_to_450,updates_to_450,return_at_1500_updates,steps_to_200,time_to_450_s,policy_loss_std,policy_loss_std_2nd_half,policy_loss_mean,policy_loss_frac_small,policy_loss_p99_abs,ev_median,ev_mean,value_loss_median,value_loss_mean,advantage_std_median,advantage_std_mean,advantage_mean_median,advantage_mean_mean,grad_norm_median,grad_norm_mean,entropy_median,entropy_mean,frac_clipped,steps_entropy_below_0.1,sps_final
baseline-s1,baseline,1,9tgtfmsm,8,5,40,12500,83.39553427696228,baseline,360.2,181.855327114715,463.3654901960785,-0.4345177168633752,35.49463698335107,-0.02741373520271451,0.5659482274569717,3.244148463595147,-0.718828870368181,2.490830575179893,6211.843137254902,463.3654901960785,488.58,117000.0,2925.0,73.68,30000.0,18.596625804901123,1.5700508467165761,1.9021081077967772,-0.24070581814427783,0.728,7.148412766456598,0.1286923885345459,-0.02233590030670166,0.0002190472441725433,31.085730527986478,0.015754055231809616,2.3910048110592177,0.0117340087890625,-0.4237988848870882,0.0574360229074955,5.167951848007738,0.5537788569927216,0.5514198523163796,0.272,,6201.0
baseline-s2,baseline,2,5m832i5l,8,5,40,12500,83.31596183776855,baseline,500.0,0.0,489.5286274509804,-0.26663883268152927,34.74188013074144,0.7880154579293495,0.5153965254624685,3.9457460779733227,-0.7113334346560324,2.473302825627958,6263.980392156863,489.5286274509804,500.0,148000.0,3700.0,329.32,33000.0,23.544008493423462,1.5664900601962684,1.4289855581698139,-0.2889183981349579,0.698,7.700558166503903,0.6391533017158508,0.455443687915802,0.0002929504698840901,35.831445892720645,0.021485712379217148,2.8711070055812598,0.008093070704489946,-0.514631243905419,0.05956679955124855,7.771022978836671,0.5161446034908295,0.5145887457728386,0.302,,6266.0
ent_coef-0-s1,ent_coef-0,1,gk623oe2,8,5,40,12500,238.91967582702637,ent_coef-0,457.5,127.5,498.75039215686274,0.002425226225978786,2.4559536967910622,0.4032501403023215,0.44312579666866975,0.23706340885666363,-0.041140154307689886,0.3157035135892311,2125.6470588235293,498.75039215686274,500.0,122000.0,3050.0,193.79,32000.0,58.443358421325684,1.1407185909892192,1.1535341908125474,-0.18150224188720676,0.734,5.612254405021667,0.4357139468193054,0.4219499222040176,8.865607014740817e-05,31.96826085513208,0.008147045038640499,2.5239876299034805,0.009246635716408491,-0.4565157242431305,0.04473491571843624,5.408373022389598,0.47640490531921387,0.47917271304130554,0.272,,2132.0
ent_coef-0-s2,ent_coef-0,2,ltn9xiod,8,5,40,12500,239.38341164588928,ent_coef-0,500.0,0.0,498.12117647058824,-0.7135927275453201,71.98206856631924,0.24008800001705394,0.46987758956703485,7.508712634572065,-1.4684877424573928,4.410010850477014,2122.3333333333335,498.12117647058824,500.0,145000.0,3625.0,280.19,30000.0,68.65429162979126,1.3179631884357346,1.3840037850357492,-0.21863394397650518,0.718,6.654907331466669,0.6487027406692505,0.4885183491706848,0.00012153461648267694,34.388204739760205,0.010811127256602049,2.6557732870182953,0.008982086088508368,-0.5277347838242131,0.04696696624159813,6.27902461149171,0.5031387209892273,0.5035892026424408,0.284,,2128.0
ent_coef-0.1-s1,ent_coef-0.1,1,gwv6kmwn,8,5,40,12500,247.8199725151062,ent_coef-0.1,500.0,0.0,357.9064705882354,-0.8405584702222589,74.46564791484407,-0.37599335231033026,0.5937975475601122,11.046488495872302,-1.5392560957264447,5.627036177589759,2086.5882352941176,357.9064705882354,379.17,,,191.71,43000.0,,1.6091520848126808,1.7659054242054795,-0.2911992044897925,0.626,6.9684537458419795,0.08314287662506104,-0.5479746487140655,0.0053333251271396875,35.39333486662325,0.0959654301404953,2.906599978895858,0.020572472363710403,-0.49440465890694757,0.17248878628015518,7.255208597084508,0.5973619520664215,0.5953186247348785,0.352,,2068.0
ent_coef-0.1-s2,ent_coef-0.1,2,hly4izgd,8,5,40,12500,248.36714386940002,ent_coef-0.1,350.3,132.3178370439904,343.7509803921569,-0.0032676140445069978,0.0051923463672888005,-0.9660914131239349,0.6034111555884866,0.1227340062386265,0.016919305000235054,0.06703429342265807,2090.607843137255,343.7509803921569,362.69,,,280.84,45000.0,,1.8397551371231151,1.7257332018343734,-0.29573680497700844,0.652,9.169727115631096,0.05392938852310181,-0.566522390127182,0.0040121234487742186,34.689114409537,0.0837521143257618,2.6390616822969166,0.020184802822768688,-0.5164147640545852,0.14482931792736053,7.237988130743616,0.5958395302295685,0.5952630420923233,0.32,,2071.0
lunar-cartpole_cfg-3M-s1,lunar-cartpole_cfg-3M,1,epwcu2q4,8,5,40,75000,1188.817084312439,lunar-cartpole_cfg-3M,26.333101858645158,129.36988406114864,-46.76339090187307,-0.13061649968829842,14.926045197684108,0.9437465055836396,0.40772834553869064,18.909310767816944,-0.07789238644771562,2.976825104005313,2562.0863787375415,602.707142857143,139.9520629455385,,,-127.95101391642187,,,1.2555281357761467,0.6202212941394506,-0.17275335963045896,0.13033333333333333,4.834166002273535,0.9671405255794525,0.8768433265884717,1.7090532183647156,20.853158888444305,1.775653898715973,3.4850057655374207,0.009736102540045977,-0.17691205876405972,12.233087539672852,20.422408770720164,0.48125550150871277,0.5017717063675324,1.0,,2537.0
lunar-cartpole_cfg-s1,lunar-cartpole_cfg,1,xs7850zg,8,5,40,12500,243.3801085948944,lunar-cartpole_cfg,22.611200273689025,103.9995336811503,30.4538206423246,-0.10072125423261348,2.213249048765968,0.8917574543578952,0.7158029202152701,10.800297208860808,0.11526381703522787,1.9071738778376113,2136.8039215686276,779.1349019607841,74.68685772339087,,,-127.95101391642187,,,2.654574820067036,1.5770712120516441,-0.3417577852671966,0.032,12.247982807159412,0.8455072939395905,0.6574557152986527,12.315107345581055,60.78830912339687,4.721524953842163,7.1601302663087845,0.11770405992865562,-0.3593614835452754,16.97521686553955,28.808766450881958,0.5904762446880341,0.6182848933637142,1.0,,2120.0
lunar-e16n16-3M-s1,lunar-e16n16-3M,1,4kjjkwod,16,16,256,11718,857.4313733577728,lunar-e16n16-3M,85.69046590141609,125.42140059627818,-8.62866542436742,-0.3347061810755383,89.30947825792805,0.8406827751632846,0.62189045053004,78.34060119180118,-0.3020835246300072,10.987224594101576,3495.634271099744,305.7091304347826,37.092565703339076,,,-58.68231314299526,,,2.919405967724969,1.2758679663878152,-0.9154336186967784,0.05273937532002048,15.738717031478862,0.7816580533981323,0.6401679081545691,13.047637462615967,65.38005152062398,4.9876322746276855,8.54196398614067,-0.1369115561246872,-0.7414426036475678,19.103120803833008,32.137507017093384,0.7854519188404083,0.7976368060263986,1.0,,3516.0
lunar-g995-3M-s1,lunar-g995-3M,1,tf5w1iut,8,5,40,75000,1286.7975759506226,lunar-g995-3M,-41.934302895742995,119.71390598497638,36.3172121844979,-0.06800905096134251,26.286314505328768,0.9312825082148428,0.3788824686873395,28.504386688783715,0.040039687883108854,3.556717029837675,2447.3023255813955,589.7506976744185,146.53464399974987,,,-102.7985416234287,,,1.2865709547572086,0.5900423474161258,-0.12526593219242446,0.102,4.7144208621978665,0.9873254597187042,0.889196342865626,2.5370312929153442,32.38867209480206,2.1676158905029297,4.571018371999264,-0.014149188995361328,-0.07477994151902385,17.623303413391113,29.98362719464302,0.4756177067756653,0.5012257743701338,1.0,,2339.0
lunar-g995-ent001-3M-s1,lunar-g995-ent001-3M,1,en8tg67w,8,5,40,75000,1281.03213596344,lunar-g995-ent001-3M,227.63442110432524,65.99059276667947,172.02760268715977,0.010444011440209773,56.12575121523435,0.9323524032716339,0.3351885620195208,44.66329936648524,0.031129440738265696,5.7323900713675044,2463.2724252491694,265.3265780730897,225.42641537347612,,,-115.10237934620122,2402000.0,,1.0718330162016414,0.4387472967884076,-0.062497991328114344,0.199,4.1848993349075245,0.9901875257492065,0.8941684547662735,1.5261004567146301,29.645706730472543,1.6732627153396606,4.021341927607854,0.0007154077175073326,0.08523392930700599,12.088662147521973,24.616196639259655,0.3827049881219864,0.42320091506590446,1.0,,2350.0
lunar-g995-ent001-3M-s2,lunar-g995-ent001-3M,2,4zy17470,8,5,40,75000,923.3714547157288,lunar-g995-ent001-3M,178.060045223525,116.57541276898422,142.77924545614135,0.0028962547893936056,31.189531181044753,0.9381860957985304,0.34430616594034175,33.18120450830935,0.2533594772940582,4.026373086082579,3223.667774086379,380.1686046511628,194.7278533847204,,,-89.4993141268152,,,1.0973618205923903,0.7964866666836408,-0.0892638748157871,0.15566666666666668,4.739739737510664,0.9879085421562195,0.8994448371926943,1.6397995948791504,29.59415842760851,1.73786062002182,3.958869753221671,0.02532284241169691,0.03845791414771035,13.370772361755371,26.662488919536273,0.4708988219499588,0.477491108554105,1.0,2527000.0,3263.0
lunar-g995-lr25-e16-5M-s1,lunar-g995-lr25-e16-5M,1,zjnl9fyz,16,5,80,62500,869.1721544265747,lunar-g995-lr25-e16-5M,-151.01046615498652,35.97032950860071,-145.04873757844666,-0.1779597785932525,6.570571876075584,0.947390868773616,0.5961057028935189,17.998605030740748,-0.09975760569421695,2.9683806676553446,5692.959692898273,428.0861612284069,79.06275785218477,,,-99.60651463197351,,,1.1484594492073241,0.6265640801106941,-0.26394665081068575,0.09062980030721966,4.875209903717043,0.9511915147304535,0.8434577774136297,2.6703028678894043,20.678021580255525,2.2767964601516724,4.320900038537067,-0.04361454211175442,-0.1747432204980122,11.809532165527344,16.25427173029992,0.6322375535964966,0.6551786857426808,1.0,,5775.0
lunar-g995-lr25-e16-5M-s2,lunar-g995-lr25-e16-5M,2,oen4hqnz,16,5,80,62500,869.3293573856354,lunar-g995-lr25-e16-5M,-149.1070715255951,48.862057593501135,-118.60876070985461,-0.1072187255697071,8.918079483875157,0.9394660549749568,0.43420820421541034,19.669916921751057,-0.14072322551381816,3.30105183197761,5691.834932821497,430.139443378119,110.14004594135544,,,-98.0184709587552,,,1.0703849515767465,0.5330511508898375,-0.189546706948536,0.13114439324116745,4.5258712244033905,0.9648303985595703,0.8671346312294358,2.067786931991577,17.016304382605167,2.0055371522903442,3.673790652390724,-0.009023645427078009,-0.08996221808358255,9.654841899871826,14.124874071293895,0.5530760884284973,0.5917198894382347,1.0,,5773.0
lunar-g999-e64-5M-s1,lunar-g999-e64-5M,1,9pn2a7k3,64,5,320,15625,747.2759974002838,lunar-g999-e64-5M,-143.2768857432079,37.51760575960675,-141.71717153856423,-0.04534327160971929,10.392440401203572,0.7216541493694064,0.45059501913138406,6.108706933065477,0.07056344810067133,3.154963581896103,6762.046065259117,515.2647408829174,172.28326747879004,,,-36.53247118835097,,,0.7958233246364717,0.3449607966204395,-0.10429418763434056,0.11443932411674347,3.83364344358448,0.8654128909111023,0.7494044264867192,12.518052577972412,33.712970430423404,4.965608358383179,6.481187412701261,0.08733626082539558,0.20621595419866257,6.80498194694519,9.05938796506774,0.5201975703239441,0.5369582415748668,1.0,,6755.0
lunar-g999-e64-5M-s2,lunar-g999-e64-5M,2,piaeh97b,64,5,320,15625,745.9420635700226,lunar-g999-e64-5M,-112.01872428083718,53.69714408307904,-111.6275564199497,0.02710153512283981,15.47797377439012,0.9168821843251614,0.4068715868092315,9.655217957816975,0.15066826297429708,4.075212067239802,6775.8809980806145,394.4332437619961,177.37553104237992,,,-12.40251662963953,,,0.7836667622761938,0.3245961372686375,-0.14185015616541272,0.12980030721966207,3.703532760143324,0.9096663296222687,0.7708265402350009,3.4249335527420044,24.220774334776696,2.591766834259033,5.0981404745175904,-0.04177141189575195,0.03642478814576156,6.295327425003052,8.456926827411955,0.5372511148452759,0.5732010465098142,1.0,,6766.0
lunar-g999-ent001-3M-s1,lunar-g999-ent001-3M,1,im3e8523,8,5,40,75000,1279.9705963134766,lunar-g999-ent001-3M,-103.24556676759444,22.511072141557143,-26.241459785325706,0.0993697874903976,45.134711410516125,0.9120746054918663,0.3010197411541923,42.85863413921622,0.16847507049874139,4.047634960012974,2464.7441860465115,592.8959800664452,203.31487962460912,,,-92.14599399242623,2624000.0,,1.4781866680807036,1.2761657248507803,0.0476681241375627,0.16533333333333333,6.313387932777332,0.984664112329483,0.8625590377648672,1.7799280881881714,50.78378288385272,1.826673448085785,4.870228160361449,0.04100656509399414,0.08040637461578004,16.772802352905273,34.27113087058067,0.37601473927497864,0.41848227429389956,1.0,,2355.0
lunar-g999-lr25-e16-5M-s1,lunar-g999-lr25-e16-5M,1,8sfp8qgn,16,5,80,62500,1407.4205424785614,lunar-g999-lr25-e16-5M,52.09370405063326,126.29818814989689,88.69642274917125,-0.0012944701015482247,45.596771210003034,0.8761003476186815,0.47212477963625127,25.668417932662305,-0.20328763678501005,4.802271595728832,3527.0595009596927,489.42735124760077,196.6263847760738,,,-81.62998947552555,,,1.316506616764992,0.888902425775241,-0.11213149310799875,0.12557603686635946,5.4916388511657885,0.9720095992088318,0.8488867091853315,3.8428279161453247,46.06526700184092,2.7103939056396484,5.881746377160747,0.015484243165701628,0.11876268249459557,14.882427215576172,24.347585825212356,0.5547445118427277,0.5871568669789626,1.0,,3562.0
lunar-g999-lr25-e16-5M-s2,lunar-g999-lr25-e16-5M,2,4pr7wsgb,16,5,80,62500,1400.7193157672882,lunar-g999-lr25-e16-5M,78.42471225645478,124.32276377053243,0.5106148098381889,-0.07032536657687076,22.26566271658365,0.9015064000396948,0.4545178227484112,15.891040862865045,-0.086311461597917,3.4789765902764507,3539.7773512476006,788.0954126679462,205.5006903087524,,,-125.55584108554449,962880.0,,1.172591772620537,0.4203272133228951,-0.15211591671126115,0.12807219662058372,5.206426820755038,0.9688549041748047,0.854067419828724,4.398505210876465,37.51482975080369,2.8938746452331543,5.550459297954716,0.028479909524321556,0.04883486949611199,13.586021900177002,19.575175316560838,0.5398184061050415,0.5717591897923551,1.0,,3582.0
no_baseline-s1,no_baseline,1,w83ikp4q,8,5,40,12500,266.78872442245483,no_baseline,136.2,24.165264327128725,137.78450980392157,0.22878754442230861,2.635175260331701,0.9897890511681052,0.0028835015716076108,33.402950784739325,47.116304584577975,20.04057347540762,2005.3333333333333,137.78450980392157,329.77,,,145.59,95000.0,,5.119483547664469,0.790793753347839,3.267160024310369,0.36,20.247441997528075,0.9957337975502014,0.8769400054216385,0.6065154373645782,8.623658226899803,15.829919815063477,14.957767814815044,50.03776931762695,51.30314045381546,19.607340812683105,41.88475773143768,0.01602248288691044,0.08430323903638405,1.0,86000.0,2014.0
no_baseline-s2,no_baseline,2,1yzysd7d,8,5,40,12500,253.17922449111938,no_baseline,361.6,111.4147207508954,243.43725490196076,0.4713029529101627,29.14748763950432,0.9165700452000487,0.0039811325547058915,90.1369002180941,78.5682533862544,15.645788141325408,2002.3529411764705,243.43725490196076,500.0,206000.0,5150.0,244.88,45000.0,101.57245326042175,6.731178359130082,1.3129706811557769,5.194727429300467,0.254,23.177389011383056,0.9906634390354156,0.7082193341255189,0.2840169817209244,15.76582376089471,8.859111309051514,10.277559318862856,75.11833190917969,71.67070570373535,31.536416053771973,67.52932269760966,0.023821236565709114,0.10948788285656526,0.994,107000.0,2012.0
num_envs-1-s1,num_envs-1,1,mvfj1efh,1,5,5,100000,484.8419210910797,num_envs-1,388.8,137.61889405165266,362.4882352941176,0.0002942963887928236,4.5643370366762754e-05,-7625.4027901104855,0.5803246520021382,0.024629897593210142,0.0029617908087803857,0.003937469920321532,1036.3725490196077,362.4882352941176,395.38,,,61.62,166000.0,,11.512661773789613,10.070133720689228,-1.9332442004851256,0.936,70.5674102020263,-0.9551469087600708,-1653.4711622844238,1.872659777291119e-05,129.35448470926934,0.003321886179037392,1.1245490450404758,0.003388214041478932,-2.6553383583191685,0.023199542425572872,12.434514623845345,0.6204116940498352,0.5887023364156485,0.06,,1037.0
num_envs-1-s2,num_envs-1,2,wmqqaybi,1,5,5,100000,498.2534565925598,num_envs-1,500.0,0.0,285.9307843137255,-0.5366337714752744,70.4124656209144,-531.0731719054428,0.5764215384043899,7.353118799343778,-1.4393823661267364,0.9674764542763953,1008.0588235294117,285.9307843137255,425.81,,,84.9620253164557,74000.0,,5.360072533891158,2.475966578925519,-0.5388167033835871,0.956,14.79021455764759,-7.265128135681152,-6036.077547594486,1.4817510873399442e-05,62.43069850965185,0.003306446480564773,0.6374076407550893,0.00226593017578125,-1.2676252703288737,0.019167454913258553,5.930002102931729,0.6099486351013184,0.5792216446101666,0.048,,1009.0
num_envs-64-4M-s1,num_envs-64-4M,1,n75g8t5h,64,5,320,12500,469.3784668445587,num_envs-64-4M,500.0,0.0,485.1309352517986,-0.2654035140235955,28.246137123162427,-0.010477000146175175,0.5468253211723529,2.690951998571126,-0.5069527016088313,4.935622680985885,8694.611510791367,485.1309352517986,500.0,500160.0,1563.0,366.5,86400.0,57.896498918533325,0.5736778711324717,0.48596606996320824,-0.1273418422040596,0.3684589534325492,1.9332861781120305,0.002308577299118042,0.1281378816739905,2.738462448120117,24.240375308369835,1.7691130638122559,4.5675263675533335,0.08686350658535957,-0.22186113811550512,2.15831196308136,3.7168212707654766,0.5399648249149323,0.5384320329787121,0.6228996639462314,,8668.0
num_envs-64-4M-s2,num_envs-64-4M,2,r3qdt4ut,64,5,320,12500,351.92008352279663,num_envs-64-4M,500.0,0.0,488.4520383693046,-0.3070525619201641,28.552134130587266,0.08640659327129666,0.5531476949044555,2.878919644678811,-0.5134766411563333,4.870365528090538,11539.841726618704,488.4520383693046,500.0,603840.0,1887.0,142.64,528000.0,58.07558512687683,0.5909463798608057,0.52056752813102,-0.15792960930183284,0.2803648583773404,2.171995353698731,0.00621524453163147,0.17518390366736938,1.6106032729148865,25.222880403795976,1.4205910563468933,4.515268086360528,0.08667432144284248,-0.266300617247633,1.9614183902740479,3.2196138716207576,0.5500380396842957,0.5364487841904192,0.6044167066730677,,11578.0
num_envs-64-s1,num_envs-64,1,29nxdn9j,64,5,320,1562,32.00156307220459,num_envs-64,500.0,0.0,340.92113207547175,0.23864001882666686,10.329444545619893,0.45970936878672186,0.49117917440972236,4.417677798361148,0.5141738776890736,3.0961494305223787,18142.037735849055,340.92113207547175,446.63,,,366.5,86400.0,,0.505175099420066,0.2575892956283619,0.6217747655518067,0.019230769230769232,1.9279314148426054,0.09875395894050598,0.3677232288397275,4.701353073120117,8.27275563982817,2.2882851362228394,3.029610395374206,1.0011779963970184,1.180924451151021,5.256783485412598,5.701143208604592,0.5056205987930298,0.5178045250475407,0.9980769230769231,,18155.0
num_envs-64-s2,num_envs-64,2,wvmvuo4y,64,5,320,1562,30.948977947235107,num_envs-64,172.7,18.783237207680685,147.99358490566038,0.20439515547510587,1.038529856025048,0.9953065705749223,0.42159446511628496,3.2506100344208053,0.4744356555758782,1.2009659578215401,18079.754716981133,147.99358490566038,172.4,,,142.64,,,0.4630875444575124,0.18179038083225654,0.5226009640869541,0.03653846153846154,1.8979341447353362,0.9188601076602936,0.6382814456637089,4.6189985275268555,5.2063030237188705,2.5737266540527344,2.6766956884127397,0.9760548770427704,1.1061352886832678,5.137190580368042,5.540414291391006,0.4243081212043762,0.4472535370061031,1.0,,18089.0
num_steps-1-s1,num_steps-1,1,htoykjgw,8,1,8,62500,367.3913221359253,num_steps-1,500.0,0.0,478.21000000000015,-0.023461714384586017,11.848249771488303,0.7753158223395255,0.549535391961827,1.0170434884653956,-0.2401277825291104,0.6882297288964265,1388.921568627451,478.21000000000015,500.0,86000.0,10750.0,42.22,55000.0,49.37291955947876,1.389146694026946,1.1413106106847442,-0.14497663460802687,0.91,7.686332187652588,0.945789635181427,0.6347365024089813,2.427758226986043e-05,15.231573892129221,0.006214686669409275,1.0797053703067359,0.00101470947265625,-0.2813767395211034,0.022790703922510147,3.372363176011946,0.4700310528278351,0.4362084895968437,0.108,95000.0,1378.0
num_steps-1-s2,num_steps-1,2,3ob1h9ht,8,1,8,62500,366.7866270542145,num_steps-1,500.0,0.0,463.5288235294118,-0.21911682205024466,12.00464198883487,0.4403172824897018,0.5655873599005681,1.6293960311313105,-0.24093030881497315,0.6893957685279734,1389.0392156862745,463.5288235294118,498.79,191000.0,23875.0,16.88,160000.0,112.688969373703,2.0674153606214083,2.3361767743178583,-0.23110550706798677,0.858,6.620605835914585,0.6627412438392639,-0.0068257591724395755,4.0172439184971154e-05,21.990232540724595,0.0077086270321160555,1.4610695829488105,0.0015749931335449219,-0.41210138107392413,0.041443513706326485,6.929025956430938,0.4487059563398361,0.4295697226957418,0.22,60000.0,1380.0
num_steps-128-s1,num_steps-128,1,uqs3k08p,8,128,1024,488,122.80210137367249,num_steps-128,432.1,109.33293190983217,419.5167346938775,11.911830434993822,439.2617779167331,0.0008989998272487096,0.5021235614406819,95.66388655681999,23.76908372372997,17.322741138691804,4357.265306122449,419.5167346938775,465.78,486400.0,475.0,465.12,162816.0,113.04709696769714,2.8181966147949673,2.232378793026685,14.249206216608892,0.0,20.114585456848143,0.0024749040603637695,0.006517547198006364,508.03172302246094,500.92518315549756,18.4718599319458,17.55386447515644,26.406532287597656,25.76075521844332,105.28387451171875,97.99633522698137,0.5560239553451538,0.5604185059544493,1.0,,4258.0
num_steps-128-s2,num_steps-128,2,105ybyqu,8,128,1024,488,123.71055555343628,num_steps-128,473.1,40.69754292337561,439.67673469387756,12.201899333876007,423.0043415925941,0.00011207254565491968,0.5333944644246783,92.1542491523587,22.895871726834045,17.57913824976707,4297.775510204082,439.67673469387756,451.84,475136.0,464.0,429.44,150528.0,110.82386445999146,2.9478658979857233,2.112181226598804,14.452042796572702,0.0,20.878620681762694,0.003393232822418213,0.006511056276618458,493.7818298339844,497.59838823412287,18.612808227539062,17.64622082280331,25.97509479522705,25.493946536642607,102.29360961914062,97.88626037464768,0.5585957169532776,0.5738725189547069,1.0,,4211.0
num_steps-32-s1,num_steps-32,1,s4817g8a,8,32,256,1953,86.71758842468262,num_steps-32,500.0,0.0,406.2316666666666,0.40027970628756465,74.23421666838907,0.27238542473677435,0.4430272371479959,83.00410080136675,1.0954205262277164,8.577274084091187,6035.939393939394,406.2316666666666,497.23,359424.0,1404.0,479.78,66816.0,60.37506628036499,2.4490416429340462,1.7590843566334697,2.8394514805052182,0.009216589861751152,7.804990291595459,0.011473119258880615,0.18997585984052784,61.78989028930664,70.74333310310375,7.206421852111816,8.242601875885292,5.543589115142822,5.269062269587762,31.989303588867188,50.7389906302392,0.5234842896461487,0.5151404141921968,1.0,,6055.0
num_steps-32-s2,num_steps-32,2,kq4gbv51,8,32,256,1953,85.79432797431946,num_steps-32,317.1,57.5611848383961,301.58590909090907,0.19196737478628303,86.09916346723384,0.3824294236573306,0.3241022798148068,17.51332865339337,1.0283873076691772,8.614297021519054,6038.090909090909,301.58590909090907,436.12,,,287.81,56064.0,,2.6383153938419794,1.7405345704271662,2.391307598203077,0.0030721966205837174,7.888011932373047,0.014639079570770264,0.26073618015752226,65.96524047851562,82.10429212464715,6.9276556968688965,8.852212111155191,5.330898761749268,4.784934797581033,26.73279571533203,31.088455678131172,0.4458567202091217,0.4420118675253908,1.0,,6055.0
